ID,Address
1,4
2,56
3,113
4,167
5,219
6,271
7,322
8,374
9,425
11,534
12,583
13,632
14,680
15,732
17,838
18,890
19,947
20,1004
21,1065
22,1115
24,1214
25,1264
26,1319
27,1369
28,1422
29,1471
30,1522
31,1571
33,1676
34,1727
35,1780
36,1830
37,1881
38,1931
39,1983
40,2034
41,2084
42,2137
43,2187
44,2239
45,2288
46,2338
47,2388
48,2449
49,2510
50,2565
51,2622
52,2671
53,2722
54,2771
55,2821
56,2878
57,2929
58,2986
59,3037
60,3093
61,3142
62,3194
63,3255
64,3312
65,3359
66,3408
67,3461
68,3513
69,3574
70,3627
71,3678
72,3733
73,3793
74,3850
75,3907
76,3958
77,4010
78,4061
79,4111
80,4168
81,4218
82,4275
83,4330
84,4387
85,4440
86,4489
87,4539
88,4591
89,4641
90,4692
91,4742
92,4794
93,4851
94,4900
95,4949
96,4997
97,5054
98,5109
99,5159
100,5220
101,5271
102,5324
103,5377
104,5434
105,5484
106,5535
107,5586
108,5647
109,5699
110,5756
111,5808
112,5858
113,5915
114,5969
115,6026
116,6081
117,6135
118,6186
119,6240
120,6292
121,6344
122,6396
123,6448
124,6497
125,6554
126,6607
127,6658
128,6708
129,6758
130,6809
131,6861
132,6913
133,6970
134,7022
135,7079
136,7128
137,7183
138,7236
139,7289
140,7340
141,7394
142,7447
143,7508
144,7560
145,7617
146,7672
147,7721
148,7774
149,7831
150,7880
151,7936
152,7993
153,8042
154,8099
155,8150
156,8200
157,8254
158,8315
159,8370
160,8423
161,8475
162,8525
163,8575
164,8628
165,8680
166,8741
167,8797
168,8849
169,8899
170,8949
171,8999
172,9050
173,9101
174,9161
175,9210
176,9262
177,9314
178,9363
179,9418
180,9479
181,9527
182,9578
183,9628
184,9678
185,9734
186,9784
187,9834
188,9886
189,9938
190,9988
191,10037
192,10094
193,10151
194,10203
195,10259
196,10314
197,10374
198,10423
199,10473
200,10530
201,10579
202,10631
203,10682
204,10735
205,10788
206,10841
207,10901
208,10955
209,11012
210,11063
211,11118
212,11168
213,11220
214,11270
215,11320
216,11370
217,11425
218,11477
219,11526
220,11575
221,11625
222,11681
223,11732
224,11785
225,11834
226,11885
227,11944
228,12005
229,12062
230,12117
231,12168
232,12218
233,12270
234,12322
235,12379
236,12435
237,12485
238,12535
239,12586
240,12636
241,12685
242,12734
243,12783
244,12844
245,12897
246,12950
247,13000
248,13052
249,13106
250,13162
251,13211
252,13261
253,13313
254,13363
255,13415
256,13472
257,13529
258,13578
259,13630
260,13682
261,13737
262,13792
263,13849
264,13900
265,13949
267,14048
268,14100
269,14153
270,14209
271,14259
272,14316
273,14373
274,14425
275,14475
276,14524
277,14578
278,14628
279,14679
280,14732
281,14784
282,14839
283,14889
284,14938
285,14989
286,15045
287,15095
288,15144
289,15199
290,15251
292,15364
293,15425
294,15479
295,15528
296,15585
297,15636
298,15696
299,15746
300,15795
301,15856
302,15909
303,15959
304,16015
305,16069
306,16118
307,16170
308,16222
309,16276
310,16326
311,16381
312,16431
313,16480
314,16534
315,16586
316,16643
317,16691
318,16746
319,16800
320,16857
321,16909
322,16963
323,17020
324,17069
325,17119
326,17167
327,17215
328,17276
329,17326
330,17386
331,17436
332,17497
333,17551
334,17607
335,17656
336,17708
337,17760
338,17817
339,17867
340,17919
341,17967
342,18017
343,18074
344,18125
345,18176
346,18226
347,18275
348,18330
349,18378
350,18435
351,18485
352,18536
353,18586
354,18643
355,18699
356,18751
357,18805
358,18857
359,18911
360,18962
361,19011
362,19064
363,19114
364,19171
365,19222
366,19277
367,19330
368,19382
369,19433
370,19482
371,19539
372,19600
373,19651
374,19704
375,19756
376,19809
377,19860
378,19913
379,19965
380,20019
381,20074
382,20126
383,20176
384,20227
385,20279
386,20340
387,20391
388,20442
389,20492
390,20545
391,20600
392,20655
393,20705
394,20758
395,20808
396,20863
397,20915
398,20976
399,21031
400,21082
401,21136
402,21185
403,21234
404,21285
405,21334
406,21386
407,21436
408,21491
409,21541
410,21593
411,21649
412,21701
413,21755
414,21806
415,21857
416,21905
417,21959
418,22009
419,22060
420,22117
421,22173
422,22224
423,22272
424,22328
425,22379
426,22432
427,22489
428,22550
429,22607
430,22657
431,22717
432,22767
433,22817
434,22869
435,22919
436,22972
437,23027
438,23078
439,23134
440,23187
441,23237
442,23298
443,23351
444,23405
445,23466
446,23516
447,23565
448,23619
449,23676
450,23727
451,23784
452,23835
453,23887
454,23937
455,23986
456,24047
457,24097
458,24151
459,24203
460,24260
461,24321
462,24371
463,24432
464,24484
465,24534
466,24591
467,24642
468,24698
469,24757
470,24808
471,24860
472,24911
473,24972
474,25022
475,25076
476,25132
477,25182
478,25232
479,25282
480,25332
481,25384
482,25434
483,25486
484,25541
485,25593
486,25648
487,25698
488,25748
489,25809
490,25864
491,25916
492,25969
493,26026
494,26078
495,26132
496,26184
497,26241
498,26290
499,26339
500,26393
501,26450
502,26502
503,26562
504,26612
505,26662
506,26713
507,26763
508,26812
509,26862
510,26919
511,26969
512,27019
513,27068
514,27124
515,27174
516,27223
517,27273
518,27322
519,27372
520,27422
521,27475
522,27532
523,27583
524,27633
525,27690
526,27741
527,27790
528,27840
529,27896
530,27948
531,27998
532,28052
533,28102
534,28154
535,28204
536,28253
537,28301
538,28354
539,28411
540,28462
541,28517
542,28567
543,28621
544,28674
545,28724
546,28777
547,28833
548,28893
549,28942
550,28992
551,29044
552,29094
553,29145
554,29198
555,29249
556,29304
557,29356
558,29408
559,29462
560,29511
561,29561
562,29613
563,29663
564,29713
565,29763
566,29815
567,29872
568,29920
569,29971
570,30021
571,30081
572,30135
573,30192
574,30242
575,30297
576,30349
577,30399
578,30451
579,30503
580,30555
581,30612
582,30668
583,30723
584,30772
585,30829
586,30886
587,30943
588,30994
589,31044
590,31101
591,31151
592,31212
593,31273
594,31328
595,31378
596,31431
597,31481
598,31538
599,31590
600,31647
601,31696
602,31753
603,31809
604,31859
605,31914
606,31964
607,32013
608,32067
609,32117
610,32167
611,32219
612,32271
613,32325
614,32374
615,32431
616,32480
617,32535
618,32583
619,32631
620,32680
621,32728
622,32785
623,32837
624,32894
625,32951
626,33006
627,33056
628,33111
629,33161
630,33211
631,33267
632,33316
633,33369
634,33421
635,33470
636,33525
637,33577
638,33629
639,33681
640,33731
641,33792
642,33843
643,33895
644,33951
645,33999
646,34056
647,34111
648,34166
649,34217
650,34271
651,34323
652,34376
653,34428
654,34478
655,34528
656,34585
657,34635
658,34695
659,34747
660,34808
661,34859
662,34908
663,34959
664,35009
665,35057
666,35108
667,35160
668,35210
669,35260
670,35313
671,35365
672,35418
673,35471
674,35528
675,35578
676,35635
677,35688
678,35741
679,35793
680,35841
681,35894
682,35946
683,35999
684,36052
685,36104
686,36153
687,36206
688,36263
689,36319
690,36369
691,36424
692,36474
693,36523
694,36577
695,36629
696,36684
697,36736
698,36788
699,36843
700,36897
701,36949
702,37007
703,37055
704,37110
705,37160
706,37217
707,37271
708,37321
709,37378
710,37434
711,37489
712,37541
713,37596
714,37653
715,37705
716,37757
717,37809
718,37866
719,37920
720,37976
721,38036
722,38087
723,38137
724,38192
725,38246
726,38299
727,38349
728,38410
729,38462
730,38512
731,38567
732,38617
733,38666
734,38723
735,38775
736,38827
737,38880
738,38934
739,38986
740,39046
741,39103
742,39160
743,39215
744,39266
745,39319
746,39372
747,39426
748,39477
749,39529
750,39586
751,39636
752,39692
753,39744
754,39793
755,39843
756,39895
757,39950
758,40002
759,40052
760,40109
761,40162
762,40215
763,40263
764,40315
765,40364
766,40415
767,40467
768,40519
769,40570
770,40621
771,40678
772,40735
773,40792
774,40844
775,40901
776,40951
777,41002
778,41050
779,41104
780,41154
781,41204
782,41255
783,41306
784,41360
785,41412
786,41463
787,41517
788,41574
789,41629
790,41689
791,41741
792,41794
793,41854
794,41907
795,41958
796,42009
797,42057
798,42112
799,42167
800,42218
801,42267
802,42317
803,42369
804,42423
805,42475
806,42527
807,42584
808,42634
809,42684
810,42736
811,42788
812,42849
813,42900
814,42951
815,43008
816,43062
817,43111
818,43160
819,43209
820,43266
821,43319
822,43368
823,43420
824,43469
825,43523
826,43576
827,43629
828,43682
829,43732
830,43784
831,43834
832,43883
833,43936
834,43990
835,44047
836,44099
837,44148
838,44205
839,44257
840,44314
841,44376
842,44429
843,44482
844,44530
845,44579
846,44631
847,44680
848,44730
849,44779
850,44830
851,44887
852,44943
853,44994
854,45046
855,45099
856,45160
857,45210
858,45259
859,45309
860,45359
861,45410
862,45460
863,45510
864,45566
865,45623
866,45680
867,45730
868,45779
869,45829
870,45878
871,45931
872,45983
873,46040
874,46093
875,46142
876,46194
877,46251
878,46308
879,46357
880,46407
881,46460
882,46512
883,46566
884,46620
885,46672
886,46723
887,46774
888,46824
889,46876
890,46933
891,46985
892,47042
893,47092
894,47142
895,47192
896,47243
897,47293
898,47354
899,47403
900,47452
901,47502
902,47554
903,47611
904,47667
905,47724
906,47776
907,47826
908,47887
909,47939
910,47992
911,48044
912,48094
913,48147
914,48201
915,48255
916,48305
917,48362
918,48411
919,48463
920,48524
921,48579
922,48634
923,48688
924,48741
925,48793
926,48843
927,48896
928,48949
929,48998
930,49051
931,49106
932,49158
933,49210
934,49260
935,49312
936,49361
937,49422
938,49471
939,49523
940,49575
941,49625
942,49677
943,49732
944,49782
945,49834
946,49890
947,49942
948,49996
949,50046
950,50095
951,50148
952,50199
953,50256
954,50306
955,50355
956,50404
957,50454
958,50511
959,50562
960,50619
961,50670
962,50719
963,50779
964,50840
965,50890
966,50947
967,51000
968,51052
969,51102
970,51154
971,51206
972,51260
973,51311
974,51368
975,51418
976,51466
977,51514
978,51564
979,51612
980,51669
981,51717
982,51769
983,51830
984,51882
985,51943
986,51993
987,52047
988,52099
989,52149
990,52201
991,52258
992,52319
993,52371
994,52428
995,52480
996,52532
997,52586
998,52637
999,52688
1000,52736
4995,52793
1,52981
3271,53027
32,53074
